{
    "Presets": {
        "Fabric": {
            "Sheen": 1.0,
            "Roughness": 0.4000000059604645
        },
        "Plastic": {
            "Roughness": 0.0,
            "IOR": 1.4600000381469727
        },
        "Water": {
            "Roughness": 0.0,
            "Transmission": 1.0,
            "IOR": 1.3250000476837158
        },
        "Mirror": {
            "Metallic": 1.0,
            "Roughness": 0.0
        },
        "Metal Inox": {
            "Metallic": 1.0,
            "Roughness": 0.20000000298023224,
            "Anisotropic": 1.0
        },
        "MDF": {
            "Roughness": 0.11999999731779099
        },
        "Vegetation": {
            "Specular": 0.5899999737739563,
            "Roughness": 0.10999999940395355
        },
        "Wall Paint": {
            "Roughness": 0.36000001430511475
        },
        "Glossy": {
            "Roughness": 0.0
        },
        "Metal (White)": {
            "Base Color": [
                1.0,
                1.0,
                1.0,
                1.0
            ],
            "Metallic": 1.0,
            "Roughness": 0.03999999910593033
        },
        "Metal (Color)": {
            "Metallic": 1.0,
            "Roughness": 0.029999999329447746
        },
        "Diffuse Material": {
            "Roughness": 0.30000001192092896
        },
        "Glass": {
            "Roughness": 0.0,
            "Transmission": 1.0
        }
    }
}